name|player_id|year|xwoba|xba|xslg|xiso|xobp|brl|brl_percent|exit_velocity|max_ev|hard_hit_percent|k_percent|bb_percent|whiff_percent|chase_percent|arm_strength|sprint_speed|oaa|bat_speed|squared_up_rate|swing_length
Eric Haase|606992|2026|||||||||11|||||||62||||
Christopher Morel|666624|2026|||||||||56|||||||28||||
Jo Adell|666176|2026|59|72|70|62|38|61|42|84|95|78|41|3|45|8|69|67|26|98|12|6
Daylen Lile|695734|2026|66|76|72|60|55|66|42|30|57|39|72|35|48|14|52|95|80|26|72|37
Tristan Peters|671976|2026|17|31|19|21|22|20|25|26|22|4|45|34|51|26|38|90|96|14|44|87
Trea Turner|607208|2026|19|41|23|21|22|40|22|64|60|44|52|29|47|25|34|99|27|38|75|18
Ketel Marte|606466|2026|80|93|84|74|67|82|69|86|99|85|80|28|67|25|39|26|84|76|64|18
Billy Cook|695257|2026|||||||||11|||||||91||||
Dominic Smith|642086|2026|88|98|91|81|69|48|68|64|54|54|87|5|78|9||19||||
George Valera|671655|2026|||||||||45|||||||12||||
Rafael Marchán|665561|2026|||||||||11|||||||20||||
Denzel Clarke|672016|2026|||||||||88||||||83|84|80|||
José Tena|677588|2026|||||||||94|||||||67||||
Francisco Lindor|596019|2026|68|55|68|66|62|31|61|77|76|59|70|66|45|63|11|40|86|||
Garrett Stubbs|596117|2026|||||||||11|||||||5||||
Cal Raleigh|663728|2026|19|2|40|79|3|71|78|22|62|14|8|58|20|11||17||81|1|10
Dominic Canzone|686527|2026|77|68|78|77|71|61|86|93|94|75|47|61|11|47||25||||
Liam Hicks|689414|2026|71|86|63|43|75|40|27|23|37|32|98|32|99|66||14||6|98|89
Sal Stewart|701398|2026|91|83|94|92|83|97|94|77|77|52|72|77|49|50|3|30|30|46|41|18
Harrison Bader|664056|2026|||||||||55||||||55|60|70|||
Luke Keaschall|807712|2026|11|16|9|16|26|20|14|3|23|5|81|55|93|81|10|86|35|13|68|89
Chase Meidroth|805367|2026|23|32|14|16|39|25|20|22|39|34|37|67|75|74|13|46|87|3|86|97
Michael Conforto|624424|2026|||||||||55|||||||25||||
Andrew Benintendi|643217|2026|42|47|60|64|24|61|70|38|27|86|15|26|19|25||31||15|43|70
Henry Davis|680779|2026|12|7|11|24|22|25|48|67|85|27|69|59|71|45||66||||
Xavier Edwards|669364|2026|79|87|69|51|82|61|35|33|21|23|97|74|93|91|8|75|78|7|99|97
Gary Sánchez|596142|2026|81|16|66|83|86|31|70|33|82|23|54|98|38|94||2||||
Trevor Story|596115|2026|3|15|8|14|2|13|15|41|58|50|6|8|16|2|23|69|10|33|17|46
Konnor Griffin|804606|2026|41|48|52|53|34|48|50|25|91|18|22|19|9|15|78|98|14|91|9|18
Jose Trevino|624431|2026|||||||||7|||||||1||||
Leo Jiménez|677870|2026|||||||||41|||||||70||||
Nick Sogard|686765|2026|||||||||6|||||||51||||
Carlos Narváez|665966|2026|25|35|28|28|32|20|44|84|62|39|17|32|35|13||9||39|26|37
Sam Haggerty|664059|2026|||||||||19|||||||74||||
Zach Dezenzo|701305|2026|||||||||16|||||||59||||
Nick Allen|669397|2026|||||||||22|||||||48||||
Spencer Steer|668715|2026|89|90|92|90|76|91|88|64|33|32|58|36|55|73|43|80|37|32|81|18
JJ Wetherholt|802139|2026|80|44|72|78|81|61|45|56|49|64|74|72|56|83|18|55|99|55|59|26
Nick Yorke|694377|2026|||||||||92|||||||63|65|||
Drew Gilbert|687551|2026|||||||||17||||||84|36|29|||
Randal Grichuk|545341|2026|||||||||72|||||||40||||
TJ Friedl|670770|2026|3|5|2|4|8|9|11|26|27|9|35|28|41|64|47|35|72|31|73|89
Seiya Suzuki|673548|2026|64|48|60|62|73|31|41|40|88|56|28|80|34|81|77|59|74|60|16|52
Austin Wells|669224|2026|27|12|23|41|48|20|32|67|69|75|25|89|34|60||10||58|21|26
José Fermín|665877|2026|||||||||17|||||||44||||
Christian Yelich|592885|2026|||||||||74|||||||46||||
Adley Rutschman|668939|2026|75|83|79|72|61|55|63|41|66|69|78|23|94|70||33||||
Jacob Young|696285|2026|43|70|48|34|41|31|23|33|40|18|77|12|72|75|64|95|99|16|93|61
Yandy Díaz|650490|2026|86|96|84|65|91|71|53|64|93|67|94|38|97|66||13||63|74|10
Angel Martínez|682657|2026|47|63|68|60|29|66|59|36|64|24|63|3|85|5|93|64|87|41|25|3
Jorge Mateo|622761|2026|||||||||84||||||90|100|81|||
Bryce Eldridge|805811|2026|||||||||92|||||||2||||
Jeimer Candelario|600869|2026|||||||||8|||||||25||||
Jonathan India|663697|2026|||||||||19|||||||64||||
Brandon Nimmo|607043|2026|85|94|84|73|85|75|63|83|52|89|63|49|61|54|72|74|47|55|69|78
Brett Sullivan|664954|2026|||||||||9|||||||68||||
Kerry Carpenter|681481|2026|29|9|47|74|15|31|72|86|66|89|3|51|7|31|44|35|5|||
Masataka Yoshida|807799|2026|||||||||45|||||||24||||
Zack Gelof|680869|2026|58|50|77|80|25|40|67|73|43|69|44|13|40|95||88|28|||
Yordan Alvarez|670541|2026|100|100|100|100|100|98|95|98|100|93|78|86|77|65||5||91|54|26
Hao-Yu Lee|701678|2026|||||||||70||||||23|70|9|||
Michael Busch|683737|2026|72|37|58|66|80|80|74|31|49|53|44|92|42|74|5|13|92|8|77|78
Andy Ibáñez|628451|2026|||||||||17|||||||54||||
J.P. Crawford|641487|2026|83|58|59|55|96|55|56|29|40|30|81|95|94|99|17|12|1|41|83|52
Gabriel Moreno|672515|2026|62|44|66|67|36|40|73|41|66|53|48|24|74|21||25||||
Iván Herrera|671056|2026|77|67|54|44|94|48|31|47|85|52|77|82|68|67||13||76|59|10
Connor Norby|681393|2026|20|5|17|37|28|40|50|18|17|21|19|66|20|66|23|76|93|22|31|78
Randy Arozarena|668227|2026|63|54|36|30|76|48|35|79|90|53|39|57|28|36|27|43|33|25|62|61
Bo Bichette|666182|2026|64|89|67|47|57|66|41|79|97|73|80|24|88|10|47|17|83|17|80|70
Dillon Dingler|693307|2026|95|95|95|92|83|85|85|67|40|86|59|36|72|30||62||36|56|26
Carlos Santana|467793|2026|||||||||33|||||||1||||
Jorbit Vivas|678391|2026|20|41|7|2|53|4|10|1|47|3|91|41|94|64||38|76|||
Zach Cole|805904|2026|||||||||94|||||||60||||
Austin Slater|596103|2026|||||||||7|||||||67||||
Alec Bohm|664761|2026|14|31|14|17|17|13|10|56|50|46|88|26|89|81|23|29|32|29|96|61
Alex Bregman|608324|2026|49|58|47|41|62|55|32|45|45|64|74|68|83|92|26|19|34|17|95|78
Jac Caglianone|695506|2026|64|54|76|79|40|85|95|95|98|97|11|32|12|42|100|46|33|95|51|6
Luis Robert Jr.|673357|2026|||||||||87||||||61|93|41|||
CJ Kayfus|692216|2026|||||||||15|||||||58||||
Marcelo Mayer|691785|2026|8|10|8|19|9|40|46|18|54|39|64|32|39|58|11|48|92|84|28|6
Andrés Giménez|665926|2026|4|21|8|13|3|20|15|7|51|3|75|3|56|4|61|60|93|5|54|78
Ke'Bryan Hayes|663647|2026|39|60|54|50|31|48|59|71|29|37|83|19|78|53|19|43|64|||
Josh Jung|673962|2026|81|97|79|55|80|48|30|64|64|76|88|29|87|34|43|19|9|33|91|78
Travis d'Arnaud|518595|2026|||||||||14|||||||7||||
Nick Fortes|663743|2026|14|65|17|5|25|2|2|23|51|74|90|1|90|11||29||50|56|26
Hyeseong Kim|808975|2026|38|70|25|8|61|9|15|4|12|3|46|51|40|59|55|89|79|||
Kyle Karros|691720|2026|52|48|23|17|77|20|22|45|82|34|38|88|48|79|53|44|83|20|39|78
Otto Lopez|672640|2026|65|93|75|56|50|75|53|73|89|72|81|5|71|22|36|84|64|48|88|89
Andy Pages|681624|2026|72|86|77|66|58|61|42|61|60|81|56|20|59|19|96|76|98|58|39|18
Ryan Vilade|668723|2026|||||||||46|||||||88||||
Jake McCarthy|664983|2026|56|81|53|31|58|20|28|2|36|2|75|26|64|38|21|98|25|||
Riley Greene|682985|2026|90|83|88|84|91|82|81|77|81|89|22|83|29|80|30|35|18|89|23|61
Gabriel Arias|672356|2026|||||||||79|||||||30||||
Brent Rooker|667670|2026|53|18|73|86|26|71|91|64|77|64|9|67|1|39||61||72|12|70
José Caballero|676609|2026|12|28|17|21|14|13|15|2|47|9|59|13|36|27|31|76|86|8|34|89
Matt Olson|621566|2026|91|68|95|97|71|97|92|97|79|92|34|71|49|61|54|11|98|81|43|37
Bobby Witt Jr.|677951|2026|92|98|91|81|92|92|80|96|97|95|76|64|51|27|86|100|100|66|77|78
Javier Sanoja|691594|2026|7|26|6|3|15|4|8|26|25|19|95|42|96|6||86|43|||
Parker Meadows|678009|2026|||||||||17|||||||79||||
Jackson Chourio|694192|2026|||||||||91|||||||81||||
Christian Vázquez|543877|2026|||||||||36|||||||1||||
Adrian Del Castillo|680728|2026|1|3|12|35|1|20|46|33|29|35|3|13|15|50||26||||
Gunnar Henderson|683002|2026|24|30|45|57|10|75|61|56|82|62|20|17|44|23|74|77|33|76|27|46
Austin Riley|663586|2026|40|23|60|77|17|75|67|77|78|76|23|28|14|30|52|66|12|86|31|37
Fernando Tatis Jr.|665487|2026|64|72|41|27|69|80|70|81|92|96|37|55|16|44|97|89|94|86|44|46
Juan Brito|682877|2026|||||||||33|||||||31||||
Colson Montgomery|695657|2026|53|13|71|88|36|85|89|59|87|52|9|53|3|48|19|26|99|94|1|10
Ryan Jeffers|680777|2026|91|63|87|88|91|82|92|81|92|63|83|93|88|83||25||68|64|52
Ryan Kreidler|668952|2026|||||||||51|||||||65||||
Geraldo Perdomo|672695|2026|56|54|18|9|83|13|11|20|25|20|92|91|98|87|47|41|89|2|93|87
James Wood|695578|2026|100|77|99|98|98|100|100|100|99|100|11|97|9|86|72|58|2|96|51|46
Jared Triolo|669707|2026|||||||||48|||||||85||||
Zach McKinstry|656716|2026|||||||||14||||||71|52|75|||
Shea Langeliers|669127|2026|98|97|98|95|90|94|90|88|95|80|56|51|46|36||82||86|37|61
Ryan Waldschmidt|814439|2026|||||||||31|||||||91||||
Felix Reyes|694025|2026|||||||||66|||||||80||||
Marcus Semien|543760|2026|29|44|40|41|22|55|39|8|37|16|58|22|59|60|20|76|20|8|75|10
Willy Adames|642715|2026|20|34|48|57|5|71|61|41|43|45|16|8|41|29|66|62|1|48|43|5
Carson Williams|700246|2026|||||||||64|||||||48||||
CJ Abrams|682928|2026|84|76|81|77|82|80|69|55|71|46|58|59|23|22|53|84|1|54|47|18
Eli White|642201|2026|||||||||51|||||||100||||
Ronald Acuña Jr.|660670|2026|86|63|83|83|88|71|79|51|85|48|54|85|35|75|94|45|37|91|28|26
Henry Bolte|703607|2026|||||||||84|||||||99||||
Yohel Pozo|650968|2026|||||||||16|||||||3||||
Roman Anthony|701350|2026|75|63|55|48|90|31|59|88|85|81|30|92|33|89|87|57||||
Matt Vierling|663837|2026|52|70|52|38|57|25|28|23|30|30|80|53|91|61|39|81|77|27|72|37
Kyle Farmer|571657|2026|||||||||4|||||||3||||
Jake Mangum|663968|2026|||||||||14||||||75|92||||
Andruw Monasterio|655316|2026|||||||||37|||||||38||||
Tyrone Taylor|621438|2026|||||||||38||||||88|92|24|||
Julio Rodríguez|677594|2026|59|55|69|71|40|66|46|52|76|50|42|34|38|9|93|90|2|95|6|10
Victor Caratini|605170|2026|69|52|41|37|80|20|25|40|33|32|63|46|72|70||2||||
Joey Loperfido|694388|2026|||||||||21|||||||86||||
Bo Naylor|666310|2026|||||||||51|||||||54||||
Dane Myers|667472|2026|||||||||20||||||99|52|71|||
Esteury Ruiz|665923|2026|||||||||17|||||||99||||
Trevor Larnach|663616|2026|38|22|15|21|69|25|35|7|36|11|76|94|41|60|63|30|50|||
Jesús Sánchez|660821|2026|58|86|69|50|48|31|30|70|85|64|67|8|52|8|70|20|14|64|41|87
Mitch Garver|641598|2026|||||||||69|||||||9||||
Willi Castro|650489|2026|9|12|17|31|6|20|25|51|49|74|7|31|16|7|84|74|81|50|4|52
Coby Mayo|691723|2026|22|18|31|47|15|31|51|77|99|69|11|43|23|53||71|6|||
Daniel Susac|691740|2026|||||||||16|||||||38||||
Maikel Garcia|672580|2026|56|83|37|17|68|40|22|64|70|52|89|46|94|94|79|66|95|54|94|70
Trent Grisham|663757|2026|65|17|60|79|63|89|89|83|79|85|67|94|81|100|36|33|44|14|100|61
Cody Bellinger|641355|2026|87|92|78|62|95|66|48|56|55|38|92|90|86|78|90|63|83|17|95|6
Munetaka Murakami|808959|2026|90|26|94|98|81|96|98|98|94|99|6|98|1|89|9|50|46|86|17|6
Taylor Ward|621493|2026|77|47|30|24|97|25|19|43|57|30|57|100|83|100|28|57|17|4|94|89
Paul Goldschmidt|502671|2026|||||||||61|||||||4||||
Ernie Clement|676391|2026|18|74|30|14|19|9|6|8|60|6|99|3|95|1|14|61|3|2|94|70
JJ Bleday|668709|2026|||||||||88|||||||58||||
Justin Crawford|702222|2026|18|41|10|6|37|4|6|19|30|32|64|41|77|14|31|97|11|11|69|78
Edouard Julien|666397|2026|56|41|52|56|54|31|51|81|54|88|17|71|36|91|16|28|3|36|74|78
Nolan Gorman|669357|2026|51|40|62|70|48|61|66|52|82|83|22|74|6|48||8|82|56|21|37
Evan Carter|694497|2026|33|11|25|43|44|48|50|31|45|36|45|86|46|93|57|85|95|32|37|70
Jahmai Jones|663330|2026|||||||||81|||||||79||||
Daniel Schneemann|682177|2026|51|46|55|56|47|31|48|38|32|31|15|62|16|32|54|59|94|44|34|37
Leo Rivas|660844|2026|1|1|1|2|8|2|4|10|5|1|11|78|53|98|49|57|70|||
Shohei Ohtani|660271|2026|96|79|92|91|97|96|96|94|96|87|40|94|36|55||56||81|67|10
Jonny DeLuca|676356|2026|12|55|26|18|12|9|13|6|52|11|50|7|44|11|79|95|84|69|2|6
Moisés Ballesteros|694208|2026|47|44|64|67|29|61|79|77|77|88|61|38|36|11||5||61|75|70
Matt Wallner|670242|2026|13|6|16|34|13|31|67|33|66|43|1|31|1|38|98|21|7|90|1|26
Colton Cowser|681297|2026|||||||||91||||||77|73|86|||
Will Brennan|686823|2026|||||||||10|||||||79||||
Oneil Cruz|665833|2026|69|50|83|85|41|94|95|100|100|100|3|41|3|31|100|80|13|99|30|26
Gavin Sheets|657757|2026|78|60|82|83|65|61|69|47|64|63|53|67|69|28|14|33|13|76|45|18
Austin Hays|669720|2026|||||||||82|||||||51||||
Starling Marte|516782|2026|||||||||55|||||||6||||
Kyle Isbel|664728|2026|17|40|20|20|19|13|18|20|40|15|39|11|72|23|38|50|91|||
Ceddanne Rafaela|678882|2026|31|42|29|26|37|48|46|14|48|30|42|16|47|24|82|91|98|19|51|52
Cole Young|702284|2026|53|57|48|44|58|48|36|31|76|49|42|42|50|47|6|62|88|42|37|78
Sebastián Rivero|665861|2026|||||||||25|||||||16||||
Brady House|691781|2026|47|52|63|64|30|66|68|43|92|58|17|29|9|28||70|5|68|14|26
Luke Raley|670042|2026|93|79|97|97|63|85|99|93|94|97|2|17|1|35|80|83|6|89|3|52
Wyatt Langford|694671|2026|||||||||52||||||56|71|81|||
Wenceel Pérez|672761|2026|7|9|23|43|3|25|38|26|29|28|87|20|90|78|45|75|8|||
Luis Torrens|620443|2026|||||||||27|||||||27||||
Vinnie Pasquantino|686469|2026|29|26|33|48|31|66|55|41|43|24|54|64|83|30|1|11|39|15|59|61
Nick Loftin|679845|2026|||||||||71||||||62|71|1|||
Dalton Rushing|687221|2026|||||||||55|||||||62||||
Nolan Arenado|571448|2026|66|75|63|52|67|48|42|5|37|11|63|51|56|45|39|10|41|35|27|1
Tyler O'Neill|641933|2026|||||||||72|||||||60||||
Wilyer Abreu|677800|2026|75|78|80|75|67|82|70|59|90|59|61|55|70|57|97|69|91|72|50|70
Zach Neto|687263|2026|48|15|48|72|48|75|72|52|40|37|9|79|23|36|83|56|5|22|18|61
Addison Barger|680718|2026|||||||||43|||||||23||||
Brenton Doyle|686668|2026|2|4|3|8|4|13|28|25|56|22|5|47|13|20|94|89|45|44|1|52
Cam Smith|701358|2026|62|42|64|70|53|80|84|38|96|63|19|62|17|38|86|94|96|98|7|10
Mauricio Dubón|643289|2026|29|52|34|28|30|40|24|14|25|8|78|19|81|15|89|32|92|13|73|26
Austin Martin|668885|2026|72|72|25|9|95|4|7|10|19|14|87|91|84|98|59|63|53|||
Richie Palacios|680700|2026|||||||||28||||||7|42|7|||
Bryce Harper|547180|2026|97|92|95|95|90|92|85|43|87|43|70|80|33|15|79|44|1|72|16|46
Noelvi Marte|682622|2026|||||||||23|||||||92||||
George Springer|543807|2026|11|8|22|42|9|31|45|13|50|25|61|42|52|56||31||58|12|37
Josh Naylor|647304|2026|69|87|66|47|69|55|34|23|78|49|85|45|66|14|33|4|31|21|78|37
Jake Bauers|641343|2026|79|73|87|85|64|75|79|93|87|95|50|57|54|96|17|41|1|96|84|18
Luis Rengifo|650859|2026|14|39|16|14|26|31|28|23|35|27|93|29|80|39||50|25|27|81|61
Jazz Chisholm Jr.|665862|2026|12|11|16|29|15|31|27|36|72|25|17|59|19|61|14|83|95|56|34|6
Nathan Lukes|664770|2026|||||||||37|||||||47||||
Tyler Stephenson|663886|2026|52|17|57|76|45|55|78|76|31|58|22|83|38|92||37||31|56|26
Derek Hill|656537|2026|||||||||23|||||||92||||
Steven Kwan|680757|2026|27|26|4|1|74|2|2|1|6|1|96|92|100|93|70|30|90|1|99|94
Jake Burger|669394|2026|38|48|60|62|19|71|64|71|93|87|29|14|5|7|2|47|55|80|39|46
Freddie Freeman|518692|2026|87|90|89|86|80|89|76|86|66|83|86|62|67|59|33|7|51|25|87|89
Max Muncy|571970|2026|97|81|97|97|89|94|97|86|64|93|29|86|26|80|44|51|96|44|54|78
Ozzie Albies|645277|2026|29|48|35|33|32|31|17|13|39|7|93|32|62|17|3|49|91|11|78|61
Yoán Moncada|660162|2026|9|1|5|26|19|20|46|61|68|42|2|82|29|91||29|2|||
Max Schuemann|680474|2026|||||||||13|||||||64||||
Josh Lowe|666139|2026|5|5|27|53|1|31|51|33|55|19|14|10|29|21|74|56|49|73|4|26
Jasson Domínguez|691176|2026|||||||||71|||||||39||||
Everson Pereira|677592|2026|||||||||46|||||||57||||
Pedro Pagés|686780|2026|6|10|20|38|2|20|34|10|51|19|31|8|38|16||16||||
J.T. Realmuto|592663|2026|22|35|19|19|31|4|8|35|19|42|83|24|64|33||77||||
Ronny Mauricio|677595|2026|||||||||76|||||||12||||
Drake Baldwin|686948|2026|98|96|98|96|95|99|96|92|71|95|54|69|59|26||31||85|64|52
Ildemaro Vargas|545121|2026|62|97|70|33|52|25|16|16|52|17|98|2|94|3|13|43|48|27|91|46
Christian Koss|683766|2026|||||||||5|||||||77||||
Ryan Mountcastle|663624|2026|||||||||74|||||||23||||
Kyle Tucker|663656|2026|66|58|42|35|79|40|27|43|33|51|66|85|59|80|59|24|17|39|63|46
Jake Cronenworth|630105|2026|33|18|13|21|58|13|24|20|48|16|56|77|58|72|10|90|69|||
Danny Jansen|643376|2026|4|1|2|14|8|9|19|31|35|21|27|54|52|89||37||||
Jake Meyers|676694|2026|||||||||28|||||||63||||
William Contreras|661388|2026|71|87|66|45|77|61|38|64|82|67|94|58|81|63||8||66|88|61
Lenyn Sosa|672820|2026|2|25|29|35|1|20|30|45|39|26|54|1|66|1||37|46|||
Travis Bazzana|683953|2026|||||||||43||||||18|73|31|||
Javier Báez|595879|2026|||||||||13||||||74|49|19|||
Santiago Espinal|669289|2026|||||||||7|||||||34||||
Blake Perkins|663368|2026|||||||||27|||||||87||||
Joey Ortiz|687401|2026|21|23|6|3|39|9|14|12|71|19|73|69|85|35|46|85|98|||
Heriberto Hernández|681715|2026|||||||||62||||||69|85|15|||
Rob Refsnyder|608701|2026|||||||||58|||||||36||||
Will Smith|669257|2026|83|68|80|78|68|82|84|55|71|39|75|50|84|83||45||17|81|61
Kyle Schwarber|656941|2026|95|35|96|99|78|100|100|95|91|92|5|88|8|73||18||97|6|37
Myles Straw|664702|2026|||||||||33||||||69|96||||
Sal Frelick|686217|2026|14|39|13|10|35|13|12|4|33|6|94|48|98|89|39|88|70|6|90|70
Mike Yastrzemski|573262|2026|8|17|7|11|15|13|17|58|25|23|31|38|53|49|47|44|39|27|64|46
Joc Pederson|592626|2026|66|34|35|42|78|25|41|88|70|91|35|91|11|75||19||44|47|37
Jordan Beck|687597|2026|||||||||43||||||84|75||||
Joey Bart|663698|2026|||||||||57|||||||32||||
Luis Matos|682641|2026|||||||||15|||||||36||||
Victor Scott II|687363|2026|3|14|5|6|4|2|3|22|18|7|28|17|27|84|77|98|80|||
José Ramírez|608070|2026|87|86|81|73|97|75|58|61|71|59|89|95|88|50|49|53|95|21|51|10
Mookie Betts|605141|2026|||||||||20|||||||29||||
Caleb Durbin|702332|2026|5|15|3|2|13|2|2|4|23|8|82|24|91|69|31|73|94|7|89|94
Jeff McNeil|643446|2026|49|89|33|9|74|4|5|11|17|20|90|35|91|46|12|15|26|5|75|70
TJ Rumfield|681198|2026|72|77|72|61|69|66|51|8|38|28|83|47|77|34|4|6|83|12|58|97
Ty France|664034|2026|||||||||58||||||2|6|85|||
Brett Baty|683146|2026|41|42|50|55|37|55|63|70|81|41|22|48|32|66||38|18|83|30|46
Kyle Manzardo|700932|2026|53|39|63|72|40|66|84|51|46|55|7|49|22|58|1|14|39|29|36|1
David Hamilton|666152|2026|10|11|4|6|33|4|8|4|62|3|65|72|80|42|56|96|13|||
Isaac Collins|686555|2026|33|21|10|14|60|48|62|48|72|56|24|77|43|95|38|59|12|66|67|89
J.C. Escarra|641555|2026|||||||||52|||||||23||||
Jung Hoo Lee|808982|2026|41|90|33|8|54|9|7|29|38|14|94|12|96|47|91|49|19|10|97|18
Tyler Black|672012|2026|||||||||5|||||||72||||
Tyler Heineman|623168|2026|||||||||10|||||||16||||
Adolis García|666969|2026|35|37|32|34|38|48|42|88|84|87|14|38|14|57|94|34|90|48|48|18
Carson Kelly|608348|2026|56|50|45|45|63|40|53|59|46|50|72|70|61|59||14||33|84|78
Royce Lewis|668904|2026|16|6|11|25|20|40|76|26|79|47|8|59|2|28||51|15|70|7|2
Alex Freeland|690976|2026|22|23|27|34|24|25|55|38|30|24|16|57|27|86|34|40|91|||
Patrick Bailey|672275|2026|||||||||25|||||||4||||
Ramón Urías|602104|2026|||||||||30|||||||35|9|||
Mickey Moniak|666160|2026|58|31|82|90|17|80|82|52|54|50|35|17|36|5|36|71|44|73|41|10
Corey Seager|608369|2026|61|23|71|83|47|85|91|81|66|72|21|76|5|54|29|7|24|44|33|94
Oswald Peraza|672724|2026|48|60|47|38|52|40|53|12|64|17|38|14|23|17|47|77|47|50|9|10
Dustin Harris|687957|2026|||||||||12|||||||87||||
Brandon Valenzuela|678218|2026|||||||||77|||||||6||||
Rafael Devers|646240|2026|14|23|42|59|5|66|59|74|87|78|13|19|19|30|20|16|23|38|29|37
Carson Benge|701807|2026|47|72|52|38|47|40|32|59|51|58|64|26|78|63|98|82|66|35|61|99
Nick Gonzales|693304|2026|72|99|50|11|87|4|4|13|60|38|81|29|56|39|41|83|90|27|37|37
Joe Mack|691788|2026|||||||||25|||||||27||||
Justin Foscue|679822|2026|||||||||30|||||||37||||
Lane Thomas|657041|2026|38|18|6|8|78|4|13|6|38|22|50|98|66|88|90|92|8|||
Teoscar Hernández|606192|2026|62|50|66|67|51|71|75|58|71|55|20|50|23|69|77|81|62|48|34|18
Jesus Rodriguez|683679|2026|||||||||7|||||||68||||
Luisangel Acuña|682668|2026|||||||||61||||||76|96|10|||
Jonathan Aranda|666018|2026|82|59|73|75|85|71|66|52|37|55|38|86|65|50|35|12|11|22|67|52
Keibert Ruiz|660688|2026|||||||||25|||||||13||||
Drew Millas|686452|2026|||||||||16|||||||58||||
Nolan Schanuel|694384|2026|32|70|27|12|45|9|7|14|29|13|78|22|78|64|9|22|79|5|84|87
Brice Turang|668930|2026|94|85|86|81|97|61|56|84|58|77|49|97|82|92|50|87|63|25|80|89
Miguel Vargas|678246|2026|95|60|93|95|93|94|90|49|89|66|77|89|82|98|57|78|23|70|48|18
Ramón Laureano|657656|2026|42|30|57|67|30|75|81|49|35|66|8|54|22|33|57|69|72|50|13|70
Yainer Diaz|673237|2026|||||||||58|||||||13||||
Mike Trout|545361|2026|99|59|98|98|99|98|98|84|96|91|36|99|67|97|66|90|21|86|37|18
Davis Schneider|676914|2026|||||||||74|||||||42||||
Bryan Reynolds|668804|2026|75|47|59|58|88|55|46|74|57|56|46|94|28|85|86|70|8|58|33|78
Junior Caminero|691406|2026|88|87|89|86|85|92|81|88|99|75|79|77|69|58|63|18|1|100|28|1
Jacob Wilson|805779|2026|10|70|19|4|13|9|8|3|18|12|94|2|92|3|81|46|96|1|87|100
James McCann|543510|2026|||||||||61|||||||12||||
Chase DeLauter|800050|2026|78|80|62|47|82|55|36|59|76|44|97|77|92|97|64|40||44|90|10
Heliot Ramos|671218|2026|53|74|73|65|35|82|84|86|78|86|24|14|30|13|71|48|20|46|22|89
Miguel Rojas|500743|2026|||||||||45||||||41|23|94|||
Daulton Varsho|662139|2026|45|73|44|28|60|48|38|14|68|47|65|40|70|14|22|50|76|60|13|26
Brooks Lee|686797|2026|6|18|13|20|5|25|19|16|42|8|71|17|68|17|28|29|2|19|64|70
Ben Rice|700250|2026|98|89|97|96|94|96|97|94|72|97|34|83|43|84|1|43|31|50|83|37
Nick Castellanos|592206|2026|16|44|44|45|7|25|53|23|49|28|17|6|17|6||44||15|32|18
Mickey Gasper|681508|2026|||||||||23|||||||33||||
Eloy Jiménez|650391|2026|||||||||9|||||||21||||
Kyle Stowers|669065|2026|56|55|38|32|73|13|27|56|64|91|31|72|10|22|60|28||78|17|94
Luis Arraez|650333|2026|36|94|31|5|60|1|1|16|6|2|100|20|100|32|30|32|99|1|100|100
César Prieto|693409|2026|||||||||51|||||||17||||
Ben Williamson|810938|2026|38|62|23|11|65|2|3|49|55|39|66|69|87|52|30|77|12|||
Luis García Jr.|671277|2026|45|84|64|47|32|40|34|91|72|82|85|5|84|3||35|13|63|79|52
Alejandro Kirk|672386|2026|||||||||20|||||||1||||
Agustín Ramírez|682663|2026|13|25|9|11|37|13|20|47|97|45|49|59|19|66||54||93|11|26
Carlos Correa|621043|2026|82|91|75|60|88|55|66|47|90|47|69|80|61|35|76|48|77|66|26|61
Jonah Heim|641680|2026|||||||||23|||||||10||||
Matt Shaw|807713|2026|||||||||41|||||||94|42|||
Cedric Mullins|656775|2026|1|1|2|16|1|4|5|19|41|10|68|13|76|52|43|56|75|26|48|26
Owen Caissie|683357|2026|21|14|36|57|9|40|76|83|88|70|1|24|6|50|89|88|4|78|3|70
Giancarlo Stanton|519317|2026|||||||||99|||||||1||||
Gage Workman|669398|2026|||||||||43|||||||84||||
Colby Thomas|687515|2026|||||||||43|||||||72||||
Adam Frazier|624428|2026|||||||||13||||||15|24|44|||
Andrew McCutchen|457705|2026|||||||||23|||||||65||||
Will Benson|666181|2026|||||||||82||||||72|88|69|||
Drew Romo|691011|2026|||||||||48|||||||22||||
Francisco Alvarez|682626|2026|70|48|77|82|48|75|93|67|81|54|47|43|32|42||15||78|45|52
Jorge Soler|624585|2026|37|14|46|70|26|71|76|36|88|59|6|55|3|61||15||83|5|5
Max Muncy|691777|2026|32|23|42|58|20|31|78|90|77|98|2|16|4|13||69|19|||
Mark Vientos|668901|2026|74|77|89|89|33|71|73|76|66|81|58|8|23|27|22|17|7|64|56|37
Byron Buxton|621439|2026|61|26|85|94|13|98|98|49|68|72|33|23|13|19|64|97|85|69|23|3
Vladimir Guerrero Jr.|665489|2026|77|95|63|31|91|66|44|71|98|63|96|69|75|39|22|21|43|94|50|37
Ezequiel Duran|677649|2026|51|68|48|36|51|31|39|84|78|61|44|42|18|20|51|90|55|63|53|61
Edgar Quero|700337|2026|1|2|1|2|5|2|3|56|28|13|25|38|42|55||1||||
Tristan Gray|656484|2026|||||||||76||||||46|27|88|||
Austin Wynns|642851|2026|||||||||55|||||||7||||
Jose Altuve|514888|2026|41|52|33|27|55|40|32|11|35|27|66|62|50|29|8|68|22|12|78|26
Brandon Marsh|669016|2026|52|92|70|50|41|40|30|55|64|78|52|7|70|6|83|75|36|36|77|61
Marcell Ozuna|542303|2026|44|20|56|74|36|48|56|45|76|36|19|66|23|71||19||68|25|37
Gleyber Torres|650402|2026|72|62|32|21|94|25|32|1|12|5|86|97|74|99|7|8|81|3|70|78
Blaze Alexander|677942|2026|36|81|28|7|55|4|11|88|89|80|13|20|9|54|67|81|6|||
Jeremy Peña|665161|2026|||||||||63|||||||83||||
Josh Bell|605137|2026|39|35|59|70|22|75|70|58|85|68|40|36|39|39||11||56|34|1
Michael Harris II|671739|2026|92|97|96|94|61|94|92|95|97|98|58|7|44|2|63|53|94|85|61|3
Samuel Basallo|694212|2026|69|65|81|80|45|61|73|91|82|87|27|38|14|9||10||86|59|26
Ha-Seong Kim|673490|2026|||||||||43|||||||47||||
Tim Tawa|694374|2026|||||||||13|||||||60||||
Alek Thomas|677950|2026|||||||||42||||||29|65|81|||
Chandler Simpson|802415|2026|6|55|5|1|14|1|1|2|25|1|98|11|99|42|69|97|97|1|98|97
Taylor Walls|670764|2026|2|2|1|1|12|4|9|1|8|1|42|75|71|73|27|66|77|||
David Fry|681807|2026|||||||||18|||||||22||||
Sam Antonacci|803011|2026|95|100|83|42|100|40|58|43|46|32|92|16|88|89|61|78|15|||
Brandon Lockridge|663604|2026|||||||||68||||||68|94|46|||
Nasim Nuñez|683083|2026|8|6|1|1|39|1|1|3|10|2|61|81|59|72|64|98|87|5|23|94
Jarren Duran|680776|2026|31|32|39|52|24|75|74|67|96|46|25|35|7|20|75|93|90|81|26|26
Amed Rosario|642708|2026|||||||||84|||||||82|3|||
Edmundo Sosa|624641|2026|||||||||79||||||25|79|72|||
Griffin Conine|665052|2026|||||||||95|||||||55||||
Carlos Cortes|666126|2026|94|99|86|59|98|48|61|79|68|61|98|64|75|86||21||24|86|78
Spencer Horwitz|687462|2026|45|32|25|27|68|13|14|9|42|9|89|88|92|74|4|5|89|11|88|78
Corbin Carroll|682998|2026|89|68|89|91|88|85|87|79|82|78|42|89|19|45|23|97|93|86|41|26
Alex Call|669743|2026|||||||||13|||||||64||||
Spencer Torkelson|679529|2026|47|9|50|76|43|75|87|74|61|61|4|82|30|95|1|24|9|61|18|10
Weston Wilson|642215|2026|||||||||66|||||||34||||
Kevin McGonigle|805808|2026|85|75|80|76|89|80|65|40|57|31|91|87|97|97|26|73|16|39|89|87
Darell Hernaiz|687231|2026|||||||||47||||||26|65|80|||
Freddy Fermin|666023|2026|||||||||15|||||||40||||
Ezequiel Tovar|678662|2026|23|40|35|38|17|40|38|30|51|36|21|19|21|3|58|67|37|39|7|26
Ryan McMahon|641857|2026|11|12|22|38|8|31|51|73|69|83|11|43|18|50|60|20|76|78|45|52
Connor Wong|657136|2026|||||||||41|||||||54||||
Dansby Swanson|621020|2026|45|18|48|67|44|61|56|67|66|72|47|79|23|77|29|69|93|36|70|37
Kazuma Okamoto|672960|2026|70|34|78|87|43|85|88|94|88|94|9|69|12|77|33|23|82|70|48|6
Kody Clemens|665019|2026|53|29|56|67|45|66|82|90|36|59|31|43|45|42|15|55|78|42|61|61
James Outman|681546|2026|||||||||11|||||||68|74|||
Austin Hedges|595978|2026|||||||||30|||||||3||||
Brandon Lowe|664040|2026|86|65|90|92|74|85|82|52|74|80|41|75|8|38|15|45|97|61|45|78
Andrew Vaughn|683734|2026|||||||||16|||||||14||||
Juan Soto|665742|2026|96|79|99|98|85|92|97|92|95|90|83|83|68|88||21||60|96|61
Sung-Mun Song|823550|2026|||||||||10|||||||56||||
Connor Joe|656582|2026|||||||||39|||||||34||||
Lourdes Gurriel Jr.|666971|2026|||||||||22||||||64|20||||
Jose Fernandez|699912|2026|25|67|38|24|22|13|18|38|72|59|30|5|48|21||96||78|32|10
Luis Campusano|669134|2026|||||||||63|||||||18||||
Matt McLain|680574|2026|45|35|37|45|55|48|38|26|69|25|40|73|56|83|43|87|86|46|64|70
Jakob Marsee|805300|2026|25|12|8|16|57|20|16|25|72|35|36|83|80|86|85|67|85|29|54|94
Jerar Encarnacion|666464|2026|||||||||85|||||||33||||
Nathan Church|701675|2026|25|46|51|53|11|61|62|9|64|17|51|5|56|1|91|85|44|24|17|61
Graham Pauley|688363|2026|||||||||17|||||||26|74|||
Alec Burleson|676475|2026|92|95|94|93|81|85|73|82|79|84|83|50|75|17|12|15|27|50|82|46
Kyle Higashioka|543309|2026|||||||||32|||||||2||||
Brice Matthews|694728|2026|6|4|20|53|2|25|45|30|74|28|4|24|2|75|79|72|88|48|11|52
Xander Bogaerts|593428|2026|58|63|57|51|53|55|39|30|68|28|73|51|62|67|35|47|68|38|71|46
Rece Hinds|677956|2026|||||||||57|||||||81||||
Manny Machado|592518|2026|36|30|34|45|43|40|31|71|52|66|44|73|55|53|51|4|89|73|22|10
Sterlin Thompson|694514|2026|||||||||16|||||||4||||
Bryce Johnson|669369|2026|||||||||4|||||||58||||
Rhys Hoskins|656555|2026|44|2|12|40|71|40|72|36|85|80|25|99|26|94|3|6||56|20|1
Jackson Merrill|701538|2026|33|35|51|59|26|66|59|52|49|76|30|40|32|17|88|87|82|64|8|26
Masyn Winn|691026|2026|29|60|14|4|57|13|13|14|47|10|60|35|65|71|94|78|45|19|56|52
Brendan Donovan|680977|2026|||||||||58|||||||9|3|||
Jake Rogers|668670|2026|||||||||25|||||||22||||
Ian Happ|664023|2026|72|8|75|91|66|89|94|67|78|67|5|96|6|78|54|61|32|46|14|78
Bryce Teodosio|669326|2026|||||||||33||||||72|96||||
Isaac Paredes|670623|2026|27|29|19|23|41|25|19|19|23|5|73|43|85|56|19|8|40|4|63|10
Colt Keith|690993|2026|33|65|42|30|28|20|20|48|58|42|48|11|63|81||78|18|42|92|87
Greg Jones|675659|2026|||||||||54|||||||73||||
Nick Kurtz|701762|2026|92|57|85|88|99|89|93|99|98|99|14|100|4|88|6|32|72|99|11|10
Brayan Rocchio|677587|2026|49|62|30|18|73|13|11|7|58|13|97|62|63|41|42|53|73|22|39|10
Dylan Beavers|687637|2026|36|37|31|33|48|13|23|20|58|37|39|74|56|81|81|93|12|||
Aaron Judge|592450|2026|99|74|100|100|96|99|99|97|98|98|13|96|11|72|86|36|28|94|14|5
MJ Melendez|669004|2026|||||||||82|||||||45||||
Christian Walker|572233|2026|65|47|75|80|47|85|75|77|84|78|61|45|31|56|5|18|87|75|50|46
Casey Schmitt|669477|2026|81|85|91|89|50|89|88|61|85|82|57|3|63|19||72|75|54|62|18
Josh Smith|669701|2026|29|25|14|20|54|13|24|26|43|22|69|81|63|42|8|53|14|||
Ryan O'Hearn|656811|2026|78|80|73|63|79|48|39|67|43|70|67|64|71|49|33|39|36|31|85|70
Miguel Andujar|609280|2026|27|74|46|30|19|25|24|49|52|46|70|1|79|8||42||33|58|26
Salvador Perez|521692|2026|19|21|45|63|6|71|56|36|76|44|52|8|41|1||2||35|30|18
Pete Alonso|624413|2026|75|52|85|88|53|89|80|99|96|96|34|62|30|69|6|10|88|75|68|61
Taylor Trammell|666211|2026|||||||||82|||||||42||||
Matt Chapman|656305|2026|4|8|3|7|11|31|23|16|90|16|33|45|47|70|66|71|79|92|2|52
Anthony Volpe|683011|2026|||||||||15|||||||50||||
Willson Contreras|575929|2026|94|67|91|94|84|89|91|74|91|70|27|59|12|34|46|41|97|93|10|6
Jorge Polanco|593871|2026|||||||||49|||||||11||||
Joey Wiemer|686894|2026|||||||||69|||||||91|37|||
Michael Massey|686681|2026|||||||||33||||||17|41|82|||
Curtis Mead|678554|2026|84|65|72|69|93|31|56|35|58|71|86|91|87|79||39|5|||
Leody Taveras|665750|2026|44|37|28|28|65|13|20|16|63|12|50|81|54|47|97|94|24|50|19|26
Jordan Walker|691023|2026|89|81|93|91|75|94|93|98|97|93|28|53|12|24|99|93|38|100|21|3
Miguel Amaya|665804|2026|||||||||21|||||||8||||
José Azócar|640492|2026|||||||||8|||||||83||||
Tyler Soderstrom|691016|2026|42|32|58|67|34|82|76|64|91|67|52|55|52|46|92|38|14|73|48|37
Hunter Feduccia|676439|2026|||||||||33|||||||55||||
Otto Kemp|805249|2026|||||||||7|||||||75||||
Elly De La Cruz|682829|2026|83|77|88|84|67|92|89|97|99|92|16|47|28|75|92|74|97|83|68|61
Jorge Barrosa|678489|2026|||||||||13||||||58|89|84|||
Logan O'Hoppe|681351|2026|13|3|10|30|20|31|65|13|95|39|33|66|27|33||46||||
Isiah Kiner-Falefa|643396|2026|||||||||43||||||11|52|88|||
Vaughn Grissom|687093|2026|||||||||48||||||67|31|32|||
Jared Young|676724|2026|||||||||92|||||||52||||
Yohendrick Piñango|682818|2026|||||||||74|||||||39||||
Tyler Freeman|671289|2026|61|89|35|13|76|1|1|19|19|13|91|1|97|41||52||||
Pete Crow-Armstrong|691718|2026|33|31|39|52|30|55|46|74|78|71|25|31|31|5|93|94|100|76|21|52
A.J. Ewing|805999|2026|||||||||69|||||||95||||
Hunter Goodman|696100|2026|27|17|54|73|11|75|82|88|81|84|1|22|5|2||49||89|6|37
Elias Díaz|553869|2026|||||||||63|||||||1||||
Lawrence Butler|671732|2026|25|26|20|24|43|25|36|67|88|73|20|75|21|83|60|27|13|66|9|78
Thomas Saggese|695336|2026|||||||||60|||||||61|57|||
Nico Hoerner|663538|2026|66|94|38|12|87|9|5|6|22|5|100|59|98|39|21|79|100|8|93|52
Reese McGuire|624512|2026|||||||||3|||||||9||||
Alejandro Osuna|696030|2026|||||||||39||||||50|82||||
Tanner Murray|695020|2026|||||||||48|||||||42||||
Nathaniel Lowe|663993|2026|84|84|88|86|72|55|86|61|88|77|30|54|54|64||15||||
Hayden Senger|663584|2026|||||||||9|||||||3||||
Bryson Stott|681082|2026|25|44|39|38|17|40|32|56|58|44|70|13|85|34|36|86|92|21|91|52
Troy Johnston|687859|2026|49|79|40|23|63|4|6|38|25|32|47|32|49|11|42|28|25|17|83|89
Braden Shewmake|669699|2026|||||||||32||||||46|65|21|||
Jarred Kelenic|672284|2026|||||||||71|||||||27||||
Eugenio Suárez|553993|2026|||||||||58|||||||17||||
Garrett Mitchell|669003|2026|59|21|44|61|66|55|81|90|97|93|1|89|2|96|96|98|65|97|4|61
Blake Dunn|694362|2026|||||||||41|||||||99||||
Petey Halpin|690984|2026|||||||||35|||||||54||||
Jeremiah Jackson|669236|2026|24|58|56|53|7|55|53|45|72|41|51|1|34|9|27|37|58|60|71|26
Carter Jensen|695600|2026|21|5|22|48|22|48|62|61|93|56|10|73|8|68||63||83|20|70
Jake Fraley|641584|2026|||||||||40||||||80|80|27|||
